epoch,step,train_loss_step,train_mse_step
0,49,0.04371603950858116,0.04371603950858116
0,99,0.035041116178035736,0.035041116178035736
0,149,0.008090758696198463,0.008090758696198463
