epoch,step,train_loss_step,train_mse_step
0,49,0.007323507685214281,0.007323507685214281
0,99,0.00579864764586091,0.00579864764586091
0,149,0.007328569423407316,0.007328569423407316
