epoch,step,train_loss_step,train_mse_step
0,49,0.03315410390496254,0.03315410390496254
0,99,0.03010622039437294,0.03010622039437294
0,149,0.009331958368420601,0.009331958368420601
