epoch,step,train_loss_step,train_mse_step
0,49,0.04635486379265785,0.04635486379265785
0,99,0.007828068919479847,0.007828068919479847
0,149,0.0058698696084320545,0.0058698696084320545
