epoch,step,train_loss_step,train_mse_step
0,49,0.03077145852148533,0.03077145852148533
0,99,0.009343473240733147,0.009343473240733147
0,149,0.010644301772117615,0.010644301772117615
