epoch,step,train_loss_step,train_mse_step
0,49,0.03060857579112053,0.03060857579112053
0,99,0.011249343864619732,0.011249343864619732
0,149,0.0049123032949864864,0.0049123032949864864
